Runs,Accuracy,Model,Dataset,,Slope,Slope of Slope,,,
91100,0.5603619,DNN,1,,,,,,
182200,0.47539175,DNN,1,,-9.33E-07,,,,
273300,0.48421982,DNN,1,,9.69E-08,1.13E-11,,,
364400,0.5557272,DNN,1,,7.85E-07,7.55E-12,,,
455500,0.592143,DNN,1,,4.00E-07,-4.23E-12,,,
546600,0.60913706,DNN,1,,1.87E-07,-2.34E-12,,,
637700,0.6303244,DNN,1,,2.33E-07,5.05E-13,,,
728800,0.6371662,DNN,1,,7.51E-08,-1.73E-12,,,
819900,0.6515118,DNN,1,,1.57E-07,9.04E-13,,,
911000,0.67799604,DNN,1,,2.91E-07,1.46E-12,,,
1002100,0.6976385,DNN,1,,2.16E-07,-8.24E-13,,,
1093200,0.73074377,DNN,1,,3.63E-07,1.62E-12,,,
1184300,0.75237256,DNN,1,,2.37E-07,-1.38E-12,,,
1275400,0.7618627,DNN,1,,1.04E-07,-1.46E-12,,,
1366500,0.7731185,DNN,1,,1.24E-07,2.13E-13,,,
1457600,0.78150517,DNN,1,,9.21E-08,-3.46E-13,,,
1548700,0.78922975,DNN,1,,8.48E-08,-7.98E-14,,,
1639800,0.7958508,DNN,1,,7.27E-08,-1.33E-13,,,
1730900,0.8009269,DNN,1,,5.57E-08,-1.86E-13,,,
1822000,0.8071066,DNN,1,,6.78E-08,1.33E-13,,,
1913100,0.81262416,DNN,1,,6.06E-08,-7.98E-14,,,
2004200,0.8188038,DNN,1,,6.78E-08,7.98E-14,,,
2095300,0.82299715,DNN,1,,4.60E-08,-2.39E-13,,,
2186400,0.8258663,DNN,1,,3.15E-08,-1.60E-13,,,
2277500,0.82630765,DNN,1,,4.85E-09,-2.93E-13,,,
2368600,0.82807326,DNN,1,,1.94E-08,1.60E-13,,,
2459700,0.8291768,DNN,1,,1.21E-08,-7.98E-14,,,
2550800,0.8322666,DNN,1,,3.39E-08,2.39E-13,,,
2641900,0.83645993,DNN,1,,4.60E-08,1.33E-13,,,
2733000,0.8362392,DNN,1,,-2.42E-09,-5.32E-13,,,
2824100,0.838667,DNN,1,,2.67E-08,3.19E-13,,,
2915200,0.8424189,DNN,1,,4.12E-08,1.60E-13,,,
3006300,0.84263957,DNN,1,,2.42E-09,-4.26E-13,,,
3097400,0.8441845,DNN,1,,1.70E-08,1.60E-13,,,
3188500,0.8437431,DNN,1,,-4.85E-09,-2.39E-13,,,
3279600,0.8450673,DNN,1,,1.45E-08,2.13E-13,,,
3370700,0.8466122,DNN,1,,1.70E-08,2.66E-14,,,
3461800,0.847495,DNN,1,,9.69E-09,-7.98E-14,,,
3552900,0.84859854,DNN,1,,1.21E-08,2.66E-14,,,
3644000,0.84948134,DNN,1,,9.69E-09,-2.66E-14,,,
3735100,0.85102624,DNN,1,,1.70E-08,7.98E-14,,,
3826200,0.85146767,DNN,1,,4.85E-09,-1.33E-13,,,
3917300,0.85190904,DNN,1,,4.85E-09,0,,,
4008400,0.8523505,DNN,1,,4.85E-09,0,,,
4099500,0.8543368,DNN,1,,2.18E-08,1.86E-13,,,
4190600,0.8543368,DNN,1,,0,-2.39E-13,,,
4281700,0.8549989,DNN,1,,7.27E-09,7.98E-14,,,
92200,0.5653403,DNN,2,,,,,,
184400,0.42096108,DNN,2,,-1.57E-06,,,,
276600,0.38203958,DNN,2,,-4.22E-07,1.24E-11,,,
368800,0.39726028,DNN,2,,1.65E-07,6.37E-12,,,
461000,0.44748858,DNN,2,,5.45E-07,4.12E-12,,,
553200,0.4885845,DNN,2,,4.46E-07,-1.07E-12,,,
645400,0.52946293,DNN,2,,4.43E-07,-2.56E-14,,,
737600,0.57295066,DNN,2,,4.72E-07,3.07E-13,,,
829800,0.5940422,DNN,2,,2.29E-07,-2.63E-12,,,
922000,0.62600565,DNN,2,,3.47E-07,1.28E-12,,,
1014200,0.64535767,DNN,2,,2.10E-07,-1.48E-12,,,
1106400,0.65644705,DNN,2,,1.20E-07,-9.72E-13,,,
1198600,0.6666667,DNN,2,,1.11E-07,-1.02E-13,,,
1290800,0.6788432,DNN,2,,1.32E-07,2.30E-13,,,
1383000,0.68732333,DNN,2,,9.20E-08,-4.35E-13,,,
1475200,0.6916721,DNN,2,,4.72E-08,-4.86E-13,,,
1567400,0.6923244,DNN,2,,7.07E-09,-4.35E-13,,,
1659600,0.6899326,DNN,2,,-2.59E-08,-3.58E-13,,,
1751800,0.69580346,DNN,2,,6.37E-08,9.72E-13,,,
1844000,0.68580127,DNN,2,,-1.08E-07,-1.87E-12,,,
1936200,0.679713,DNN,2,,-6.60E-08,4.60E-13,,,
2028400,0.6842792,DNN,2,,4.95E-08,1.25E-12,,,
2120600,0.6838443,DNN,2,,-4.72E-09,-5.88E-13,,,
2212800,0.6918895,DNN,2,,8.73E-08,9.98E-13,,,
2305000,0.704501,DNN,2,,1.37E-07,5.37E-13,,,
2397200,0.7197217,DNN,2,,1.65E-07,3.07E-13,,,
2489400,0.74472713,DNN,2,,2.71E-07,1.15E-12,,,
2581600,0.6449606,DNN,2,,-1.08E-06,-1.47E-11,,,
2673800,0.778865,DNN,2,,1.45E-06,2.75E-11,,,
2766000,0.7914764,DNN,2,,1.37E-07,-1.43E-11,,,
2858200,0.8010437,DNN,2,,1.04E-07,-3.58E-13,,,
2950400,0.8093064,DNN,2,,8.96E-08,-1.53E-13,,,
3042600,0.8145249,DNN,2,,5.66E-08,-3.58E-13,,,
3134800,0.8180039,DNN,2,,3.77E-08,-2.05E-13,,,
3227000,0.8210481,DNN,2,,3.30E-08,-5.11E-14,,,
3319200,0.82148296,DNN,2,,4.72E-09,-3.07E-13,,,
3411400,0.8275712,DNN,2,,6.60E-08,6.65E-13,,,
3503600,0.83061534,DNN,2,,3.30E-08,-3.58E-13,,,
3595800,0.83170253,DNN,2,,1.18E-08,-2.30E-13,,,
3688000,0.83365947,DNN,2,,2.12E-08,1.02E-13,,,
3780200,0.8349641,DNN,2,,1.42E-08,-7.67E-14,,,
3872400,0.8349641,DNN,2,,0,-1.53E-13,,,
3964600,0.83670366,DNN,2,,1.89E-08,2.05E-13,,,
4056800,0.83779085,DNN,2,,1.18E-08,-7.67E-14,,,
4149000,0.8386606,DNN,2,,9.43E-09,-2.56E-14,,,
92100,0.54455876,DNN,3,,,,,,
184200,0.54039854,DNN,3,,-4.51707E-08,,,,
276300,0.6282023,DNN,3,,9.53352E-07,1.08417E-11,,,
368400,0.5984235,DNN,3,,-3.23331E-07,-1.38619E-11,,,
460500,0.60543025,DNN,3,,7.60776E-08,4.33669E-12,,,
552600,0.6084957,DNN,3,,3.32839E-08,-4.64644E-13,,,
644700,0.6538209,DNN,3,,4.9213E-07,4.98205E-12,,,
736800,0.68535143,DNN,3,,3.42351E-07,-1.62627E-12,,,
828900,0.6947668,DNN,3,,1.0223E-07,-2.60718E-12,,,
921000,0.71009415,DNN,3,,1.66421E-07,6.96969E-13,,,
1013100,0.722356,DNN,3,,1.33136E-07,-3.61395E-13,,,
1105200,0.7269542,DNN,3,,4.99262E-08,-9.03476E-13,,,
1197300,0.73834026,DNN,3,,1.23627E-07,8.00228E-13,,,
1289400,0.74228156,DNN,3,,4.27937E-08,-8.7767E-13,,,
1381500,0.7468798,DNN,3,,4.99266E-08,7.74473E-14,,,
1473600,0.7501642,DNN,3,,3.56612E-08,-1.5489E-13,,,
1565700,0.75695205,DNN,3,,7.37009E-08,4.13025E-13,,,
1657800,0.75760895,DNN,3,,7.13246E-09,-7.22784E-13,,,
1749900,0.7624261,DNN,3,,5.23035E-08,4.90456E-13,,,
1842000,0.76549155,DNN,3,,3.32839E-08,-2.0651E-13,,,
1934100,0.77140355,DNN,3,,6.41911E-08,3.35583E-13,,,
2026200,0.77490693,DNN,3,,3.80389E-08,-2.83955E-13,,,
2118300,0.77709657,DNN,3,,2.37746E-08,-1.54878E-13,,,
2210400,0.7821327,DNN,3,,5.46811E-08,3.35576E-13,,,
2302500,0.78476024,DNN,3,,2.85292E-08,-2.83951E-13,,,
2394600,0.7873878,DNN,3,,2.85294E-08,2.35782E-18,,,
2486700,0.79023427,DNN,3,,3.09063E-08,2.58075E-14,,,
2578800,0.7937377,DNN,3,,3.80394E-08,7.74497E-14,,,
2670900,0.79505146,DNN,3,,1.42645E-08,-2.58142E-13,,,
2763000,0.7983359,DNN,3,,3.56617E-08,2.32325E-13,,,
2855100,0.7994307,DNN,3,,1.18871E-08,-2.58139E-13,,,
2947200,0.8040289,DNN,3,,4.99262E-08,4.13019E-13,,,
3039300,0.8059996,DNN,3,,2.13974E-08,-3.09759E-13,,,
3131400,0.80840814,DNN,3,,2.61514E-08,5.16174E-14,,,
3223500,0.8108167,DNN,3,,2.61516E-08,2.35782E-18,,,
3315600,0.8125684,DNN,3,,1.90195E-08,-7.74379E-14,,,
3407700,0.814977,DNN,3,,2.6152E-08,7.74426E-14,,,
3499800,0.8165097,DNN,3,,1.66417E-08,-1.03261E-13,,,
3591900,0.81848043,DNN,3,,2.13977E-08,5.16398E-14,,,
3684000,0.8215459,DNN,3,,3.32841E-08,1.2906E-13,,,
3776100,0.8243924,DNN,3,,3.09066E-08,-2.58146E-14,,,
3868200,0.826582,DNN,3,,2.37742E-08,-7.74426E-14,,,
3960300,0.82877165,DNN,3,,2.37747E-08,5.89455E-18,,,
4052400,0.8318371,DNN,3,,3.32839E-08,1.03249E-13,,,
4144500,0.83315086,DNN,3,,1.42645E-08,-2.06509E-13,,,
4236501,0.83687323,DNN,3,,4.04601E-08,2.84732E-13,,,
91100,0.3743103,DNN,4,,,,,,
182200,0.43522403,DNN,4,,6.68647E-07,,,,
273300,0.53498125,DNN,4,,1.09503E-06,4.68038E-12,,,
364400,0.60847497,DNN,4,,8.06737E-07,-3.16458E-12,,,
455500,0.6497462,DNN,4,,4.53032E-07,-3.8826E-12,,,
546600,0.66762304,DNN,4,,1.96233E-07,-2.81887E-12,,,
637700,0.67909956,DNN,4,,1.25977E-07,-7.71196E-13,,,
728800,0.67998236,DNN,4,,9.69045E-09,-1.27647E-12,,,
819900,0.6852792,DNN,4,,5.81431E-08,5.31863E-13,,,
911000,0.69123816,DNN,4,,6.54112E-08,7.97811E-14,,,
1002100,0.6980799,DNN,4,,7.51014E-08,1.06369E-13,,,
1093200,0.70050764,DNN,4,,2.66492E-08,-5.31858E-13,,,
1184300,0.70381814,DNN,4,,3.63392E-08,1.06367E-13,,,
1275400,0.70558375,DNN,4,,1.9381E-08,-1.86149E-13,,,
1366500,0.7088943,DNN,4,,3.63397E-08,1.86155E-13,,,
1457600,0.7104392,DNN,4,,1.69583E-08,-2.12749E-13,,,
1548700,0.7137497,DNN,4,,3.63392E-08,2.12743E-13,,,
1639800,0.71683955,DNN,4,,3.39171E-08,-2.65869E-14,,,
1730900,0.71838444,DNN,4,,1.69582E-08,-1.86157E-13,,,
1822000,0.72015005,DNN,4,,1.9381E-08,2.65953E-14,,,
1913100,0.72544694,DNN,4,,5.81437E-08,4.25496E-13,,,
2004200,0.7294195,DNN,4,,4.36066E-08,-1.59573E-13,,,
2095300,0.7344957,DNN,4,,5.57212E-08,1.32981E-13,,,
2186400,0.73824763,DNN,4,,4.11847E-08,-1.59566E-13,,,
2277500,0.74442726,DNN,4,,6.78335E-08,2.92522E-13,,,
2368600,0.7477378,DNN,4,,3.63396E-08,-3.45706E-13,,,
2459700,0.75325537,DNN,4,,6.05661E-08,2.65933E-13,,,
2550800,0.75987643,DNN,4,,7.2679E-08,1.32963E-13,,,
2641900,0.76605606,DNN,4,,6.78335E-08,-5.31894E-14,,,
2733000,0.774222,DNN,4,,8.96371E-08,2.39337E-13,,,
2824100,0.7812845,DNN,4,,7.75247E-08,-1.32957E-13,,,
2915200,0.7839329,DNN,4,,2.90714E-08,-5.3187E-13,,,
3006300,0.78834695,DNN,4,,4.84528E-08,2.12749E-13,,,
3097400,0.7914368,DNN,4,,3.39171E-08,-1.59557E-13,,,
3188500,0.7954094,DNN,4,,4.3607E-08,1.06366E-13,,,
3279600,0.79871994,DNN,4,,3.63396E-08,-7.97739E-14,,,
3370700,0.8015891,DNN,4,,3.14946E-08,-5.31834E-14,,,
3461800,0.8051203,DNN,4,,3.87618E-08,7.97714E-14,,,
3552900,0.8093136,DNN,4,,4.60296E-08,7.97787E-14,,,
3644000,0.81063783,DNN,4,,1.4536E-08,-3.45704E-13,,,
3735100,0.81328624,DNN,4,,2.90715E-08,1.59555E-13,,,
3826200,0.8161554,DNN,4,,3.14946E-08,2.65989E-14,,,
3917300,0.8196866,DNN,4,,3.87618E-08,7.97714E-14,,,
4008400,0.8210108,DNN,4,,1.45357E-08,-2.65929E-13,,,
4099500,0.822335,DNN,4,,1.45357E-08,0,,,
90800,0.36147186,DNN,5,,,,,,
181600,0.37748918,DNN,5,,1.76402E-07,,,,
272400,0.5030303,DNN,5,,1.38261E-06,1.32842E-11,,,
363200,0.54848486,DNN,5,,5.00601E-07,-9.71377E-12,,,
454000,0.4443723,DNN,5,,-1.14661E-06,-1.81411E-11,,,
544800,0.51363635,DNN,5,,7.6282E-07,2.1029E-11,,,
635600,0.57575756,DNN,5,,6.84154E-07,-8.66362E-13,,,
726400,0.60064936,DNN,5,,2.74139E-07,-4.51559E-12,,,
817200,0.6515151,DNN,5,,5.60195E-07,3.1504E-12,,,
908000,0.53203464,DNN,5,,-1.31586E-06,-2.06614E-11,,,
998800,0.545671,DNN,5,,1.5018E-07,1.61459E-11,,,
1089600,0.65800864,DNN,5,,1.2372E-06,1.19716E-11,,,
1180400,0.7502164,DNN,5,,1.0155E-06,-2.44157E-12,,,
1271200,0.7898268,DNN,5,,4.36238E-07,-6.37958E-12,,,
1362000,0.8084416,DNN,5,,2.05009E-07,-2.54658E-12,,,
1452800,0.7939394,DNN,5,,-1.59716E-07,-4.01679E-12,,,
1543600,0.7616883,DNN,5,,-3.55188E-07,-2.15278E-12,,,
1634400,0.78549784,DNN,5,,2.6222E-07,6.79965E-12,,,
1725200,0.8049784,DNN,5,,2.14544E-07,-5.25066E-13,,,
1816000,0.7969697,DNN,5,,-8.82015E-08,-3.3342E-12,,,
1906800,0.7694805,DNN,5,,-3.02744E-07,-2.36281E-12,,,
1997600,0.74523807,DNN,5,,-2.66987E-07,3.93804E-13,," 1,174,275 ",
2088400,0.72683984,DNN,5,,-2.02624E-07,7.08848E-13,,,
2179200,0.71493506,DNN,5,,-1.3111E-07,7.87597E-13,,,
2270000,0.70800865,DNN,5,,-7.6282E-08,6.03831E-13,,,
2360800,0.7069264,DNN,5,,-1.19191E-08,7.08844E-13,,,
2451600,0.7034632,DNN,5,,-3.8141E-08,-2.88788E-13,,,
2542400,0.6982684,DNN,5,,-5.72115E-08,-2.10027E-13,,,
2633200,0.69285715,DNN,5,,-5.95953E-08,-2.62534E-14,,,
2724000,0.68679655,DNN,5,,-6.67467E-08,-7.87603E-14,,,
2814800,0.68333334,DNN,5,,-3.81411E-08,3.1504E-13,,,
2905600,0.682684,DNN,5,,-7.15132E-09,3.41297E-13,,,
2996400,0.67813855,DNN,5,,-5.006E-08,-4.72563E-13,,,
3087200,0.67186147,DNN,5,,-6.91308E-08,-2.10031E-13,,,
3178000,0.6722944,DNN,5,,4.76795E-09,8.13863E-13,,,
3268800,0.68095237,DNN,5,,9.53521E-08,9.97623E-13,,,
3359600,0.6852814,DNN,5,,4.76765E-08,-5.25061E-13,,,
3450400,0.69285715,DNN,5,,8.34334E-08,3.93798E-13,,,
3541200,0.69891775,DNN,5,,6.67467E-08,-1.83774E-13,,,
3632000,0.7095238,DNN,5,,1.16807E-07,5.51322E-13,,,
3722800,0.71796536,DNN,5,,9.29687E-08,-2.62533E-13,,,
3813600,0.728355,DNN,5,,1.14423E-07,2.36284E-13,,,
3904400,0.73008657,DNN,5,,1.90702E-08,-1.05015E-12,,,
3995200,0.73030305,DNN,5,,2.38414E-09,-1.83767E-13,,,
4086000,0.72770566,DNN,5,,-2.86056E-08,-3.41297E-13,,,
4176800,0.7305195,DNN,5,,3.09894E-08,6.56333E-13,,,
4267600,0.72316015,DNN,5,,-8.10501E-08,-1.23392E-12,,,
4358400,0.7125541,DNN,5,,,,,,
90600,0.65383774,DNN,32-1,,1.3758E-08,,,,
181200,0.6938552,DNN,32-1,,4.41694E-07,4.72335E-12,,,
271800,0.7609884,DNN,32-1,,7.40985E-07,3.30343E-12,,,
362400,0.7924776,DNN,32-1,,3.47563E-07,-4.3424E-12,,,
453000,0.81106496,DNN,32-1,,2.05158E-07,-1.57179E-12,,,
543600,0.8252788,DNN,32-1,,1.56886E-07,-5.32813E-13,,,
634200,0.8359939,DNN,32-1,,1.18268E-07,-4.26241E-13,,,
724800,0.84495956,DNN,32-1,,9.89587E-08,-2.13129E-13,,,
815400,0.85020775,DNN,32-1,,5.7927E-08,-4.52888E-13,,,
906000,0.8539252,DNN,32-1,,4.10315E-08,-1.86485E-13,,,
996600,0.86048543,DNN,32-1,,7.24087E-08,3.46327E-13,,,
1087200,0.8637656,DNN,32-1,,3.6205E-08,-3.996E-13,,,
1177800,0.8683578,DNN,32-1,,5.06865E-08,1.59841E-13,,,
1268400,0.8698885,DNN,32-1,,1.68951E-08,-3.72973E-13,,,
1359000,0.8716379,DNN,32-1,,1.93091E-08,2.66436E-14,,,
1449600,0.8729499,DNN,32-1,,1.44812E-08,-5.32871E-14,,,
1540200,0.8729499,DNN,32-1,,0,-1.59837E-13,,,
1630800,0.87448066,DNN,32-1,,1.68958E-08,1.86488E-13,,,
1721400,0.874918,DNN,32-1,,4.82715E-09,-1.33208E-13,,,
1812000,0.8757927,DNN,32-1,,9.65453E-09,5.32823E-14,,,
1902600,0.87623006,DNN,32-1,,4.82737E-09,-5.32798E-14,,,
1993200,0.87644875,DNN,32-1,,2.4138E-09,-2.66399E-14,,,
2083800,0.87688607,DNN,32-1,,4.82693E-09,2.6635E-14,,,
2174400,0.87776077,DNN,32-1,,9.65453E-09,5.32847E-14,,,
2265000,0.87907284,DNN,32-1,,1.4482E-08,5.32835E-14,,,
2355600,0.87994754,DNN,32-1,,9.65453E-09,-5.32835E-14,,,
2446200,0.87951016,DNN,32-1,,-4.82759E-09,-1.59847E-13,,,
2536800,0.87972885,DNN,32-1,,2.4138E-09,7.9927E-14,,,
2627400,0.88082224,DNN,32-1,,1.20683E-08,1.06562E-13,,,
2718000,0.88235295,DNN,32-1,,1.68953E-08,5.32774E-14,,,
2808600,0.88322765,DNN,32-1,,9.65453E-09,-7.99197E-14,,,
2899200,0.88366497,DNN,32-1,,4.82693E-09,-5.32847E-14,,,
2989800,0.88497704,DNN,32-1,,1.4482E-08,1.06568E-13,,,
3080400,0.88541436,DNN,32-1,,4.82693E-09,-1.06568E-13,,,
3171000,0.88519573,DNN,32-1,,-2.41313E-09,-7.99124E-14,,,
3261600,0.88519573,DNN,32-1,,0,2.6635E-14,,,
3352200,0.88563305,DNN,32-1,,4.82693E-09,5.32774E-14,,,
3442800,0.88585174,DNN,32-1,,2.4138E-09,-2.6635E-14,,,
3533400,0.88672644,DNN,32-1,,9.65453E-09,7.99197E-14,,,
3624000,0.88716376,DNN,32-1,,4.82693E-09,-5.32847E-14,,,
3714600,0.88672644,DNN,32-1,,-4.82693E-09,-1.06555E-13,,,
3805200,0.88650775,DNN,32-1,,-2.4138E-09,2.6635E-14,,,
3895800,0.88672644,DNN,32-1,,2.4138E-09,5.32847E-14,,,
3986400,0.88650775,DNN,32-1,,-2.4138E-09,-5.32847E-14,,,
4077000,0.8869451,DNN,32-1,,,,,,
90600,0.61032146,DNN,32-2,,6.93918E-08,,,,
181200,0.6549311,DNN,32-2,,4.9238E-07,4.66874E-12,,,
271800,0.6938552,DNN,32-2,,4.29626E-07,-6.92652E-13,,,
362400,0.7277498,DNN,32-2,,3.74113E-07,-6.12729E-13,,,
453000,0.7583643,DNN,32-2,,3.37908E-07,-3.99605E-13,,,
543600,0.7647059,DNN,32-2,,6.99956E-08,-2.95709E-12,,,
634200,0.77651435,DNN,32-2,,1.30336E-07,6.6601E-13,,,
724800,0.78613603,DNN,32-2,,1.062E-07,-2.66408E-13,,,
815400,0.7940083,DNN,32-2,,8.68904E-08,-2.13125E-13,,,
906000,0.802974,DNN,32-2,,9.89592E-08,1.33209E-13,,,
996600,0.81019026,DNN,32-2,,7.96497E-08,-2.13129E-13,,,
1087200,0.81740654,DNN,32-2,,7.96499E-08,2.43654E-18,,,
1177800,0.82484144,DNN,32-2,,8.20629E-08,2.66338E-14,,,
1268400,0.829871,DNN,32-2,,5.55139E-08,-2.93035E-13,,,
1359000,0.8327138,DNN,32-2,,3.13775E-08,-2.66406E-13,,,
1449600,0.8368686,DNN,32-2,,4.58587E-08,1.59837E-13,,,
1540200,0.8394927,DNN,32-2,,2.89636E-08,-1.86481E-13,,,
1630800,0.8425541,DNN,32-2,,3.37903E-08,5.3275E-14,,,
1721400,0.84408486,DNN,32-2,,1.68958E-08,-1.86473E-13,,,
1812000,0.8462716,DNN,32-2,,2.41362E-08,7.99161E-14,,,
1902600,0.84758365,DNN,32-2,,1.44818E-08,-1.06561E-13,,,
1993200,0.85064507,DNN,32-2,,3.37905E-08,2.13121E-13,,,
2083800,0.85239446,DNN,32-2,,1.93089E-08,-1.59841E-13,,,
2174400,0.85348785,DNN,32-2,,1.20683E-08,-7.99185E-14,,,
2265000,0.8556746,DNN,32-2,,2.41363E-08,1.33201E-13,,,
2355600,0.85720533,DNN,32-2,,1.68955E-08,-7.9921E-14,,,
2446200,0.85808,DNN,32-2,,9.65419E-09,-7.99258E-14,,,
2536800,0.8593921,DNN,32-2,,1.44823E-08,5.32908E-14,,,
2627400,0.86048543,DNN,32-2,,1.20677E-08,-2.66521E-14,,,
2718000,0.8611415,DNN,32-2,,7.24139E-09,-5.32701E-14,,,
2808600,0.8611415,DNN,32-2,,0,-7.9927E-14,,,
2899200,0.8620162,DNN,32-2,,9.65453E-09,1.06562E-13,,,
2989800,0.8620162,DNN,32-2,,0,-1.06562E-13,,,
3080400,0.8631095,DNN,32-2,,1.20673E-08,1.33193E-13,,,
3171000,0.8637656,DNN,32-2,,7.24172E-09,-5.32628E-14,,,
3261600,0.8642029,DNN,32-2,,4.82671E-09,-2.66558E-14,,,
3352200,0.865515,DNN,32-2,,1.44823E-08,1.06574E-13,,,
3442800,0.8657337,DNN,32-2,,2.41391E-09,-1.33206E-13,,,
3533400,0.866171,DNN,32-2,,4.82671E-09,2.66314E-14,,,
3624000,0.8672644,DNN,32-2,,1.20684E-08,7.99307E-14,,,
3714600,0.8672644,DNN,32-2,,0,-1.33206E-13,,,
3805200,0.8666084,DNN,32-2,,-7.24062E-09,-7.99185E-14,,,
3895800,0.8679204,DNN,32-2,,1.44812E-08,2.39756E-13,,,
92000,0.661749,DNN,32-3,,,,,,
184000,0.67671585,DNN,32-3,,1.62683E-07,,,,
276000,0.69296557,DNN,32-3,,1.76627E-07,1.51568E-13,,,
368000,0.70301473,DNN,32-3,,1.0923E-07,-7.3258E-13,,,
460000,0.728886,DNN,32-3,,2.81209E-07,1.86934E-12,,,
552000,0.7568954,DNN,32-3,,3.0445E-07,2.52615E-13,,,
644000,0.7810562,DNN,32-3,,2.62617E-07,-4.54702E-13,,,
736000,0.7926021,DNN,32-3,,1.25499E-07,-1.49042E-12,,,
828000,0.7988027,DNN,32-3,,6.73978E-08,-6.31534E-13,,,
920000,0.8103485,DNN,32-3,,1.25498E-07,6.31522E-13,,,
1012000,0.81676286,DNN,32-3,,6.97213E-08,-6.06267E-13,,,
1104000,0.82125294,DNN,32-3,,4.88052E-08,-2.27349E-13,,,
1196000,0.8259568,DNN,32-3,,5.11289E-08,2.52576E-14,,,
1288000,0.8353645,DNN,32-3,,1.02258E-07,5.55747E-13,,,
1380000,0.8379303,DNN,32-3,,2.78891E-08,-8.08353E-13,,,
1472000,0.8398546,DNN,32-3,,2.09163E-08,-7.57916E-14,,,
1564000,0.8387855,DNN,32-3,,-1.16207E-08,-3.53663E-13,,,
1656000,0.842848,DNN,32-3,,4.41576E-08,6.06285E-13,,,
1748000,0.8443447,DNN,32-3,,1.62685E-08,-3.03143E-13,,,
1840000,0.8464828,DNN,32-3,,2.32402E-08,7.57798E-14,,,
1932000,0.8477657,DNN,32-3,,1.39446E-08,-1.0104E-13,,,
2024000,0.8484071,DNN,32-3,,6.97174E-09,-7.57916E-14,,,
2116000,0.8486209,DNN,32-3,,2.32391E-09,-5.05198E-14,,,
2208000,0.8469104,DNN,32-3,,-1.85924E-08,-2.27351E-13,,,
2300000,0.84904855,DNN,32-3,,2.32408E-08,4.54708E-13,,,
2392000,0.8484071,DNN,32-3,,-6.97228E-09,-3.28403E-13,,,
2484000,0.8520419,DNN,32-3,,3.95087E-08,5.05228E-13,,,
2576000,0.85418004,DNN,32-3,,2.32407E-08,-1.76827E-13,,,
2668000,0.847338,DNN,32-3,,-7.437E-08,-1.06099E-12,,,
2760000,0.84990376,DNN,32-3,,2.78887E-08,1.11151E-12,,,
2852000,0.8503314,DNN,32-3,,4.64826E-09,-2.52613E-13,,,
2944000,0.8488347,DNN,32-3,,-1.62685E-08,-2.27356E-13,,,
3036000,0.85118663,DNN,32-3,,2.55645E-08,4.54706E-13,,,
3128000,0.8488347,DNN,32-3,,-2.55645E-08,-5.55749E-13,,,
90600,0.62584734,DNN,32-4,,,,,,
181200,0.60944676,DNN,32-4,,-1.81022E-07,,,,
271800,0.5031708,DNN,32-4,,-1.17302E-06,-1.09492E-11,,,
362400,0.5619943,DNN,32-4,,6.49266E-07,2.01136E-11,,,
453000,0.58539253,DNN,32-4,,2.58259E-07,-4.31575E-12,,,
543600,0.6286901,DNN,32-4,,4.77898E-07,2.42428E-12,,,
634200,0.65646183,DNN,32-4,,3.06531E-07,-1.89147E-12,,,
724800,0.6724251,DNN,32-4,,1.76195E-07,-1.43859E-12,,,
815400,0.68576425,DNN,32-4,,1.47231E-07,-3.19689E-13,,,
906000,0.7001968,DNN,32-4,,1.593E-07,1.33206E-13,,,
996600,0.71266127,DNN,32-4,,1.37577E-07,-2.39765E-13,,,
1087200,0.72490704,DNN,32-4,,1.35163E-07,-2.66436E-14,,,
1177800,0.7336541,DNN,32-4,,9.65459E-08,-4.26237E-13,,,
1268400,0.74415046,DNN,32-4,,1.15854E-07,2.13112E-13,,,
1359000,0.7574896,DNN,32-4,,1.47231E-07,3.46327E-13,,,
1449600,0.7668926,DNN,32-4,,1.03786E-07,-4.79528E-13,,,
1540200,0.7749836,DNN,32-4,,8.93046E-08,-1.59837E-13,,,
1630800,0.78154385,DNN,32-4,,7.24089E-08,-1.86487E-13,,,
1721400,0.78504264,DNN,32-4,,3.8618E-08,-3.72969E-13,,,
1812000,0.7905095,DNN,32-4,,6.03406E-08,2.39764E-13,,,
1902600,0.7977258,DNN,32-4,,7.96501E-08,2.13129E-13,,,
1993200,0.8012246,DNN,32-4,,3.86181E-08,-4.52892E-13,,,
2083800,0.80363,DNN,32-4,,2.65497E-08,-1.33206E-13,,,
2174400,0.8097529,DNN,32-4,,6.75817E-08,4.52892E-13,,,
2265000,0.81193966,DNN,32-4,,2.41364E-08,-4.79528E-13,,,
2355600,0.81521976,DNN,32-4,,3.62042E-08,1.33198E-13,,,
2446200,0.81981194,DNN,32-4,,5.06863E-08,1.59847E-13,,,
2536800,0.82243603,DNN,32-4,,2.89635E-08,-2.39767E-13,,,
2627400,0.8246228,DNN,32-4,,2.41365E-08,-5.32774E-14,,,
2718000,0.8263722,DNN,32-4,,1.93091E-08,-5.32835E-14,,,
2808600,0.8314017,DNN,32-4,,5.55132E-08,3.99605E-13,,,
2899200,0.8335885,DNN,32-4,,2.41369E-08,-3.46318E-13,,,
2989800,0.8359939,DNN,32-4,,2.65497E-08,2.66314E-14,,,
3080400,0.8366499,DNN,32-4,,7.24062E-09,-2.13124E-13,,,
3171000,0.8377433,DNN,32-4,,1.20684E-08,5.32871E-14,,,
3261600,0.837962,DNN,32-4,,2.41391E-09,-1.06562E-13,,,
3352200,0.83971137,DNN,32-4,,1.93087E-08,1.86477E-13,,,
3442800,0.83993,DNN,32-4,,2.41313E-09,-1.86485E-13,,,
3533400,0.8408047,DNN,32-4,,9.65453E-09,7.9927E-14,,,
3624000,0.8412421,DNN,32-4,,4.82781E-09,-5.3275E-14,,,
3714600,0.8421168,DNN,32-4,,9.65453E-09,5.3275E-14,,,
3805200,0.84342885,DNN,32-4,,1.44818E-08,5.3281E-14,,,
3986400,0.84649026,DNN,32-4,,1.68952E-08,1.3319E-14,,,
4077000,0.84692764,DNN,32-4,,4.82759E-09,-1.33197E-13,,,
92300,0.61437625,DNN,32-5,,,,,,
184600,0.610662,DNN,32-5,,-4.02411E-08,,,,
276900,0.63141793,DNN,32-5,,2.24875E-07,2.87233E-12,,,
369200,0.6622242,DNN,32-5,,3.33762E-07,1.17972E-12,,,
461500,0.6925934,DNN,32-5,,3.29027E-07,-5.13036E-14,,,
553800,0.7247105,DNN,32-5,,3.47964E-07,2.0517E-13,,,
646100,0.7367271,DNN,32-5,,1.30191E-07,-2.35941E-12,,,
738400,0.7570461,DNN,32-5,,2.20141E-07,9.74541E-13,,,
830700,0.7699366,DNN,32-5,,1.39659E-07,-8.71962E-13,,,
923000,0.78479356,DNN,32-5,,1.60964E-07,2.30824E-13,,,
1015300,0.79681015,DNN,32-5,,1.30191E-07,-3.33405E-13,,,
1107600,0.8024907,DNN,32-5,,6.15444E-08,-7.43729E-13,,,
1199900,0.8038016,DNN,32-5,,1.42026E-08,-5.12912E-13,,,
1292200,0.8094822,DNN,32-5,,6.1545E-08,5.12918E-13,,,
1384500,0.81035614,DNN,32-5,,9.46847E-09,-5.64209E-13,,,
1476800,0.81800306,DNN,32-5,,8.28485E-08,7.95017E-13,,,
1569100,0.82171726,DNN,32-5,,4.02405E-08,-4.61625E-13,,,
1661400,0.8228097,DNN,32-5,,1.18358E-08,-3.07744E-13,,,
1753700,0.82346517,DNN,32-5,,7.10152E-09,-5.12918E-14,,,
1846000,0.82761633,DNN,32-5,,4.49746E-08,4.10326E-13,,,
1938300,0.82630545,DNN,32-5,,-1.42024E-08,-6.41138E-13,,,
2030600,0.8282718,DNN,32-5,,2.13039E-08,3.84683E-13,,,
2122900,0.832423,DNN,32-5,,4.49751E-08,2.56459E-13,,,
2215200,0.832423,DNN,32-5,,0,-4.87271E-13,,,
2307500,0.83307844,DNN,32-5,,7.10119E-09,7.6936E-14,,,
2399800,0.83460784,DNN,32-5,,1.65699E-08,1.02586E-13,,,
2492100,0.8357002,DNN,32-5,,1.18349E-08,-5.13E-14,,,
2584400,0.8359187,DNN,32-5,,2.36728E-09,-1.02574E-13,,,
91900,0.46498784,DNN,"10, 1",,,,,,
183800,0.6019439,DNN,"10, 1",,1.49027E-06,,,,
275700,0.68124586,DNN,"10, 1",,8.62916E-07,-6.82652E-12,,,
367600,0.7309477,DNN,"10, 1",,5.40825E-07,-3.50479E-12,,,
459500,0.7643031,DNN,"10, 1",,3.62953E-07,-1.9355E-12,,,
551400,0.7830793,DNN,"10, 1",,2.04311E-07,-1.72625E-12,,,
643300,0.80008835,DNN,"10, 1",,1.85082E-07,-2.09239E-13,,,
735200,0.8120168,DNN,"10, 1",,1.29798E-07,-6.01567E-13,,,
827100,0.82018995,DNN,"10, 1",,8.89353E-08,-4.44645E-13,,,
919000,0.8246079,DNN,"10, 1",,4.80734E-08,-4.44633E-13,,,
1010900,0.82725865,DNN,"10, 1",,2.88439E-08,-2.09245E-13,,1997600,1997600
1102800,0.8314557,DNN,"10, 1",,4.56697E-08,1.83089E-13,,,
1194700,0.83388555,DNN,"10, 1",,2.64402E-08,-2.09245E-13,,,
1286600,0.83609456,DNN,"10, 1",,2.40371E-08,-2.61485E-14,,,
1378500,0.8378617,DNN,"10, 1",,1.92289E-08,-5.23195E-14,,,
1470400,0.83984977,DNN,"10, 1",,2.1633E-08,2.61592E-14,,,
1562300,0.8409543,DNN,"10, 1",,1.20188E-08,-1.04615E-13,,,
1654200,0.84382594,DNN,"10, 1",,3.12474E-08,2.09234E-13,,,
1746100,0.8447095,DNN,"10, 1",,9.61436E-09,-2.35398E-13,,,
1838000,0.8451513,DNN,"10, 1",,4.8074E-09,-5.23065E-14,,,
1929900,0.8464767,DNN,"10, 1",,1.44222E-08,1.04622E-13,,,
2021800,0.8475812,DNN,"10, 1",,1.20185E-08,-2.61556E-14,,,
2113700,0.8491275,DNN,"10, 1",,1.68259E-08,5.23112E-14,,,
2205600,0.84956926,DNN,"10, 1",,4.80696E-09,-1.30783E-13,,,
2297500,0.8513364,DNN,"10, 1",,1.92289E-08,1.56931E-13,,,
2389400,0.8524409,DNN,"10, 1",,1.20185E-08,-7.84597E-14,,,
2481300,0.85222,DNN,"10, 1",,-2.4037E-09,-1.56934E-13,,,
2573200,0.8526618,DNN,"10, 1",,4.8074E-09,7.84668E-14,,,
2665100,0.8526618,DNN,"10, 1",,0,-5.23112E-14,,,
2757000,0.8528827,DNN,"10, 1",,2.4037E-09,2.61556E-14,,,
2848900,0.85354537,DNN,"10, 1",,7.21077E-09,5.23076E-14,,,
2940800,0.85376626,DNN,"10, 1",,2.40359E-09,-5.23088E-14,,,
3032700,0.8539872,DNN,"10, 1",,2.40413E-09,5.92024E-18,,,
3124600,0.8539872,DNN,"10, 1",,0,-2.61603E-14,,,
3216500,0.8542081,DNN,"10, 1",,2.4037E-09,2.61556E-14,,,
3308400,0.8542081,DNN,"10, 1",,0,-2.61556E-14,,,
3400300,0.8539872,DNN,"10, 1",,-2.4037E-09,-2.61556E-14,,,
3492200,0.8539872,DNN,"10, 1",,0,2.61556E-14,,,
3584100,0.854429,DNN,"10, 1",,4.8074E-09,5.23112E-14,,,
3676000,0.8550917,DNN,"10, 1",,7.2111E-09,2.61556E-14,,,
3767900,0.8550917,DNN,"10, 1",,0,-7.84668E-14,,,
3859800,0.8555335,DNN,"10, 1",,4.8074E-09,5.23112E-14,,,
3951700,0.85641706,DNN,"10, 1",,9.61436E-09,5.23065E-14,,,
4043600,0.8559753,DNN,"10, 1",,-4.80696E-09,-1.56924E-13,,,
91000,0.36988685,DNN,"10, 2",,,,,,
182000,0.37032202,DNN,"10, 2",,4.78209E-09,,,,
273000,0.41100958,DNN,"10, 2",,4.47116E-07,4.86081E-12,,,
364000,0.5826806,DNN,"10, 2",,1.88649E-06,1.58173E-11,,,
455000,0.66362053,DNN,"10, 2",,8.8945E-07,-1.09565E-11,,,
546000,0.6694952,DNN,"10, 2",,6.45568E-08,-9.06476E-12,,,
637000,0.6718886,DNN,"10, 2",,2.63011E-08,-4.20392E-13,,,
728000,0.6705831,DNN,"10, 2",,-1.43462E-08,-4.46673E-13,,,
819000,0.67754567,DNN,"10, 2",,7.65118E-08,9.98439E-13,,,
910000,0.67819846,DNN,"10, 2",,7.17352E-09,-7.61959E-13,,,
1001000,0.67754567,DNN,"10, 2",,-7.17352E-09,-1.5766E-13,,,
1092000,0.66579634,DNN,"10, 2",,-1.29114E-07,-1.34E-12,,,
1183000,0.65426457,DNN,"10, 2",,-1.26723E-07,2.62722E-14,,,
1274000,0.6586162,DNN,"10, 2",,4.78201E-08,1.91805E-12,,,
1365000,0.65992165,DNN,"10, 2",,1.43456E-08,-3.67852E-13,,,
1456000,0.6651436,DNN,"10, 2",,5.73841E-08,4.7295E-13,,,
1547000,0.6799391,DNN,"10, 2",,1.62588E-07,1.15609E-12,,,
1638000,0.6910357,DNN,"10, 2",,1.21941E-07,-4.46673E-13,,,
1729000,0.6958225,DNN,"10, 2",,5.26022E-08,-7.61961E-13,,,
1820000,0.6997389,DNN,"10, 2",,4.30374E-08,-1.05108E-13,,,
1911000,0.69821584,DNN,"10, 2",,-1.67369E-08,-6.5686E-13,,,
2002000,0.69778067,DNN,"10, 2",,-4.78209E-09,1.31372E-13,,,
2093000,0.69821584,DNN,"10, 2",,4.78209E-09,1.05101E-13,,,
2184000,0.6995213,DNN,"10, 2",,1.43457E-08,1.05095E-13,,,
2275000,0.7032202,DNN,"10, 2",,4.06473E-08,2.89028E-13,,,
2366000,0.70561355,DNN,"10, 2",,2.63005E-08,-1.57656E-13,,,
2457000,0.70931244,DNN,"10, 2",,4.06471E-08,1.57655E-13,,,
2548000,0.71257615,DNN,"10, 2",,3.58649E-08,-5.25516E-14,,,
2639000,0.7180157,DNN,"10, 2",,5.97753E-08,2.62751E-13,,,
2730000,0.72302,DNN,"10, 2",,5.49923E-08,-5.25601E-14,,,
2821000,0.73281115,DNN,"10, 2",,1.07595E-07,5.78052E-13,,,
2912000,0.73607486,DNN,"10, 2",,3.58649E-08,-7.88243E-13,,,
3003000,0.74499565,DNN,"10, 2",,9.80307E-08,6.8314E-13,,,
3094000,0.7569626,DNN,"10, 2",,1.31505E-07,3.67849E-13,,,
3185000,0.7647955,DNN,"10, 2",,8.60758E-08,-4.99221E-13,,,
3276000,0.78111404,DNN,"10, 2",,1.79325E-07,1.02471E-12,,,
3367000,0.7930809,DNN,"10, 2",,1.31504E-07,-5.25502E-13,,,
3458000,0.80548304,DNN,"10, 2",,1.36287E-07,5.25637E-14,,,
3549000,0.81766754,DNN,"10, 2",,1.33896E-07,-2.62819E-14,,,
3640000,0.8244125,DNN,"10, 2",,7.41204E-08,-6.5687E-13,,,
3731000,0.8305048,DNN,"10, 2",,6.69484E-08,-7.88142E-14,,,
3822000,0.841819,DNN,"10, 2",,1.24332E-07,6.30588E-13,,,
3913000,0.84312445,DNN,"10, 2",,1.43456E-08,-1.20864E-12,,,
4004000,0.8466057,DNN,"10, 2",,3.82555E-08,2.62746E-13,,,
4095000,0.8483464,DNN,"10, 2",,1.91286E-08,-2.10186E-13,,,
89700,0.35354418,DNN,"10,3",,,,,,
179400,0.35288987,DNN,"10,3",,-7.29443E-09,,,,
269100,0.44514722,DNN,"10,3",,1.02851E-06,1.15474E-11,,,
358800,0.4,DNN,"10,3",,-5.03313E-07,-1.70772E-11,,,
448500,0.42813522,DNN,"10,3",,3.13659E-07,9.10783E-12,,,
538200,0.49007633,DNN,"10,3",,6.90536E-07,4.20153E-12,,,
627900,0.5583424,DNN,"10,3",,7.61049E-07,7.86091E-13,,,
717600,0.6056707,DNN,"10,3",,5.27629E-07,-2.60223E-12,,,
807300,0.6348964,DNN,"10,3",,3.25816E-07,-2.24986E-12,,,
897000,0.6516903,DNN,"10,3",,1.87223E-07,-1.54507E-12,,,
986700,0.6569248,DNN,"10,3",,5.83556E-08,-1.43665E-12,,,
1076400,0.6591058,DNN,"10,3",,2.43144E-08,-3.79501E-13,,,
1166100,0.661723,DNN,"10,3",,2.91773E-08,5.42127E-14,,,
1255800,0.663904,DNN,"10,3",,2.43144E-08,-5.42127E-14,,,
1345500,0.66412216,DNN,"10,3",,2.43211E-09,-2.4395E-13,,,
1435200,0.663904,DNN,"10,3",,-2.43211E-09,-5.42276E-14,,,
1524900,0.66434026,DNN,"10,3",,4.86355E-09,8.13339E-14,,,
1614600,0.66324973,DNN,"10,3",,-1.21575E-08,-1.89756E-13,,,
1704300,0.6610687,DNN,"10,3",,-2.43147E-08,-1.35532E-13,,,
1794000,0.65976006,DNN,"10,3",,-1.45891E-08,1.08424E-13,,,
1883700,0.6429662,DNN,"10,3",,-1.87223E-07,-1.92456E-12,,,
1973400,0.62878954,DNN,"10,3",,-1.58045E-07,3.25276E-13,,,
2063100,0.6,DNN,"10,3",,-3.20954E-07,-1.81615E-12,,,
2152800,0.4183206,DNN,"10,3",,-2.02541E-06,-1.90018E-11,,,
2242500,0.6346783,DNN,"10,3",,2.41201E-06,4.94696E-11,,,
2332200,0.6346783,DNN,"10,3",,0,-2.68898E-11,,,
2421900,0.6211559,DNN,"10,3",,-1.50751E-07,-1.68062E-12,,,
2511600,0.61330426,DNN,"10,3",,-8.75322E-08,7.04785E-13,,,
2601300,0.65605235,DNN,"10,3",,4.76567E-07,6.28874E-12,,,
2691000,0.65801525,DNN,"10,3",,2.18829E-08,-5.06895E-12,,,
2780700,0.6741549,DNN,"10,3",,1.79929E-07,1.76194E-12,,,
2870400,0.6994547,DNN,"10,3",,2.82049E-07,1.13846E-12,,,
2960100,0.73260635,DNN,"10,3",,3.69584E-07,9.75859E-13,,,
3049800,0.7729553,DNN,"10,3",,4.49821E-07,8.94509E-13,,,
3139500,0.7897492,DNN,"10,3",,1.87223E-07,-2.92752E-12,,,
3229200,0.7910578,DNN,"10,3",,1.45886E-08,-1.92457E-12,,,
3318900,0.7954199,DNN,"10,3",,4.86299E-08,3.79501E-13,,,
3408600,0.8093784,DNN,"10,3",,1.55613E-07,1.19268E-12,,,
3498300,0.81352234,DNN,"10,3",,4.61978E-08,-1.21979E-12,,,
3588000,0.8185387,DNN,"10,3",,5.59237E-08,1.08428E-13,,,
3677700,0.8244275,DNN,"10,3",,6.56499E-08,1.0843E-13,,,
3767400,0.82878953,DNN,"10,3",,4.86291E-08,-1.89753E-13,,,
3857100,0.83009815,DNN,"10,3",,1.45889E-08,-3.7949E-13,,,
3946800,0.69007635,DNN,"10,3",,-1.561E-06,-1.75651E-11,,,
4036500,0.7354417,DNN,"10,3",,5.05745E-07,2.30407E-11,,,
4126200,0.71930206,DNN,"10,3",,-1.79929E-07,-7.64408E-12,,,
91900,0.723658,DNN,"10, 4",,,,,,
183800,0.7338193,DNN,"10, 4",,1.10569E-07,,,,
275700,0.7702673,DNN,"10, 4",,3.96605E-07,3.11247E-12,,,
367600,0.7848465,DNN,"10, 4",,1.58642E-07,-2.58937E-12,,,
459500,0.7981003,DNN,"10, 4",,1.4422E-07,-1.56934E-13,,,
551400,0.8080406,DNN,"10, 4",,1.08164E-07,-3.92334E-13,,,
643300,0.81665564,DNN,"10, 4",,9.37436E-08,-1.56917E-13,,,
735200,0.8186437,DNN,"10, 4",,2.16329E-08,-7.84666E-13,,,
827100,0.81974816,DNN,"10, 4",,1.20181E-08,-1.04622E-13,,,
919000,0.82063174,DNN,"10, 4",,9.61458E-09,-2.61532E-14,,,
1010900,0.8212944,DNN,"10, 4",,7.21066E-09,-2.6158E-14,,,
1102800,0.8212944,DNN,"10, 4",,0,-7.84621E-14,,,
1194700,0.8217363,DNN,"10, 4",,4.80849E-09,5.2323E-14,,,
1286600,0.8219572,DNN,"10, 4",,2.4037E-09,-2.61674E-14,,,
1378500,0.82217807,DNN,"10, 4",,2.40337E-09,-3.55214E-18,,,
1470400,0.82041085,DNN,"10, 4",,-1.92298E-08,-2.35399E-13,,,
1562300,0.82085264,DNN,"10, 4",,4.80729E-09,2.61557E-13,,,
1654200,0.82107353,DNN,"10, 4",,2.40359E-09,-2.61556E-14,,,
1746100,0.82217807,DNN,"10, 4",,1.20189E-08,1.04628E-13,,,
1838000,0.82284075,DNN,"10, 4",,7.21088E-09,-5.23183E-14,,,
1929900,0.824387,DNN,"10, 4",,1.68254E-08,1.04619E-13,,,
2021800,0.8246079,DNN,"10, 4",,2.4037E-09,-1.56928E-13,,,
2113700,0.8250497,DNN,"10, 4",,4.8074E-09,2.61556E-14,,,
2205600,0.8241661,DNN,"10, 4",,-9.6148E-09,-1.56934E-13,,,
2297500,0.8248288,DNN,"10, 4",,7.2111E-09,1.83089E-13,,,
2389400,0.8246079,DNN,"10, 4",,-2.4037E-09,-1.04622E-13,,,
2481300,0.8241661,DNN,"10, 4",,-4.8074E-09,-2.61556E-14,,,
2573200,0.82328254,DNN,"10, 4",,-9.61436E-09,-5.23065E-14,,,
2665100,0.82284075,DNN,"10, 4",,-4.80729E-09,5.23076E-14,,,
2757000,0.82261986,DNN,"10, 4",,-2.40359E-09,2.61556E-14,,,
2848900,0.82041085,DNN,"10, 4",,-2.40371E-08,-2.35403E-13,,,
2940800,0.8193064,DNN,"10, 4",,-1.2018E-08,1.30785E-13,,,
3032700,0.82041085,DNN,"10, 4",,1.2018E-08,2.61544E-13,,,
3124600,0.8190855,DNN,"10, 4",,-1.44217E-08,-2.877E-13,,,
3216500,0.81996906,DNN,"10, 4",,9.61436E-09,2.61545E-13,,,
3308400,0.82063174,DNN,"10, 4",,7.21088E-09,-2.61532E-14,,,
3400300,0.82107353,DNN,"10, 4",,4.80729E-09,-2.61544E-14,,,
3492200,0.81996906,DNN,"10, 4",,-1.20182E-08,-1.83084E-13,,,
3584100,0.8241661,DNN,"10, 4",,4.56696E-08,6.27724E-13,,,
3676000,0.8237243,DNN,"10, 4",,-4.8074E-09,-5.49261E-13,,,
3767900,0.8241661,DNN,"10, 4",,4.8074E-09,1.04622E-13,,,
3859800,0.824387,DNN,"10, 4",,2.4037E-09,-2.61556E-14,,,
3951700,0.8252706,DNN,"10, 4",,9.6148E-09,7.84668E-14,,,
4043600,0.8259333,DNN,"10, 4",,7.2111E-09,-2.61556E-14,,,
91900,0.46675503,DNN,"10, 5",,,,,,
183800,0.45107135,DNN,"10, 5",,-1.7066E-07,,,,
275700,0.50762093,DNN,"10, 5",,6.15338E-07,8.55276E-12,,,
367600,0.5858184,DNN,"10, 5",,8.50897E-07,2.56321E-12,,,
459500,0.62027836,DNN,"10, 5",,3.74972E-07,-5.17873E-12,,,
551400,0.646786,DNN,"10, 5",,2.8844E-07,-9.41592E-13,,,
643300,0.66202784,DNN,"10, 5",,1.65852E-07,-1.33392E-12,,,
735200,0.67528164,DNN,"10, 5",,1.4422E-07,-2.35393E-13,,,
827100,0.68831456,DNN,"10, 5",,1.41816E-07,-2.61532E-14,,,
919000,0.69560415,DNN,"10, 5",,7.93209E-08,-6.80037E-13,,,
1010900,0.70289373,DNN,"10, 5",,7.93208E-08,-1.18405E-18,,,
1102800,0.7101833,DNN,"10, 5",,7.93207E-08,-1.18405E-18,,,
1194700,0.7139386,DNN,"10, 5",,4.08629E-08,-4.18474E-13,,,
1286600,0.71658933,DNN,"10, 5",,2.88436E-08,-1.30786E-13,,,
1378500,0.7141595,DNN,"10, 5",,-2.64399E-08,-6.01562E-13,,,
1470400,0.71769387,DNN,"10, 5",,3.84589E-08,7.06189E-13,,,
1562300,0.72167,DNN,"10, 5",,4.32658E-08,5.23065E-14,,,
1654200,0.7205655,DNN,"10, 5",,-1.20185E-08,-6.01571E-13,,,
1746100,0.70952064,DNN,"10, 5",,-1.20183E-07,-1.17699E-12,,,
1838000,0.7042191,DNN,"10, 5",,-5.76881E-08,6.80036E-13,,,
1929900,0.70554453,DNN,"10, 5",,1.44225E-08,7.84664E-13,,,
2021800,0.70444,DNN,"10, 5",,-1.20188E-08,-2.87719E-13,,,
2113700,0.70532364,DNN,"10, 5",,9.61523E-09,2.35409E-13,,,
2205600,0.7031146,DNN,"10, 5",,-2.40374E-08,-3.66188E-13,,,
2297500,0.70488185,DNN,"10, 5",,1.92301E-08,4.70811E-13,,,
2389400,0.70444,DNN,"10, 5",,-4.80794E-09,-2.61568E-13,,,
2481300,0.70554453,DNN,"10, 5",,1.20188E-08,1.83099E-13,,,
2573200,0.71128786,DNN,"10, 5",,6.24954E-08,5.49256E-13,,,
2665100,0.719461,DNN,"10, 5",,8.89351E-08,2.87701E-13,,,
2757000,0.72962224,DNN,"10, 5",,1.10568E-07,2.354E-13,,,
2848900,0.73624915,DNN,"10, 5",,7.211E-08,-4.18481E-13,,,
2940800,0.7413298,DNN,"10, 5",,5.52845E-08,-1.83084E-13,,,
3032700,0.740888,DNN,"10, 5",,-4.8074E-09,-6.53884E-13,,,
3124600,0.74574775,DNN,"10, 5",,5.28808E-08,6.27728E-13,,,
3216500,0.7506075,DNN,"10, 5",,5.28808E-08,-1.31773E-26,,,
3308400,0.747294,DNN,"10, 5",,-3.60555E-08,-9.67751E-13,,,
3400300,0.7501657,DNN,"10, 5",,3.12481E-08,7.32357E-13,,,
3492200,0.7488403,DNN,"10, 5",,-1.44222E-08,-4.96956E-13,,,
3584100,0.75281644,DNN,"10, 5",,4.32659E-08,6.27727E-13,,,
3676000,0.7543627,DNN,"10, 5",,1.68255E-08,-2.87709E-13,,,
3767900,0.7548045,DNN,"10, 5",,4.8074E-09,-1.30773E-13,,,
3859800,0.7565717,DNN,"10, 5",,1.92296E-08,1.56934E-13,,,
3951700,0.7570135,DNN,"10, 5",,4.8074E-09,-1.56934E-13,,,
4043600,0.7572344,DNN,"10, 5",,2.4037E-09,-2.61556E-14,,,
11,0.906748198,RF,34,,,,,,
10,0.895596133,RF,32,,,,,,
13,0.899212943,RF,10,,,,,,
61850,0.9493671,CNN,,,,,,,
66850,0.9451477,CNN,,,,,,,
76850,0.98734176,CNN,,,,,,,
86850,0.8902954,CNN,,,,,,,
91100,0.5603619,DNN,5/7/max -34,,,,,,
182200,0.47539175,DNN,5/7/max -34,,,,,,
273300,0.48421982,DNN,5/7/max -34,,,,,,
364400,0.5557272,DNN,5/7/max -34,,,,,,
455500,0.592143,DNN,5/7/max -34,,,,,,
546600,0.60913706,DNN,5/7/max -34,,,,,,
637700,0.6303244,DNN,5/7/max -34,,,,,,
728800,0.6371662,DNN,5/7/max -34,,,,,,
819900,0.6515118,DNN,5/7/max -34,,,,,,
911000,0.67799604,DNN,5/7/max -34,,,,,,
1002100,0.6976385,DNN,5/7/max -34,,,,,,
1093200,0.73074377,DNN,5/7/max -34,,,,,,
1184300,0.75237256,DNN,5/7/max -34,,,,,,
1275400,0.7618627,DNN,5/7/max -34,,,,,,
1366500,0.7731185,DNN,5/7/max -34,,,,,,
1457600,0.78150517,DNN,5/7/max -34,,,,,,
1548700,0.78922975,DNN,5/7/max -34,,,,,,
1639800,0.7958508,DNN,5/7/max -34,,,,,,
1730900,0.8009269,DNN,5/7/max -34,,,,,,
1822000,0.8071066,DNN,5/7/max -34,,,,,,
1913100,0.81262416,DNN,5/7/max -34,,,,,,
2004200,0.8188038,DNN,5/7/max -34,,,,,,
2095300,0.82299715,DNN,5/7/max -34,,,,,,
2186400,0.8258663,DNN,5/7/max -34,,,,,,
2277500,0.82630765,DNN,5/7/max -34,,,,,,
2368600,0.82807326,DNN,5/7/max -34,,,,,,
2459700,0.8291768,DNN,5/7/max -34,,,,,,
2550800,0.8322666,DNN,5/7/max -34,,,,,,
2641900,0.83645993,DNN,5/7/max -34,,,,,,
2733000,0.8362392,DNN,5/7/max -34,,,,,,
2824100,0.838667,DNN,5/7/max -34,,,,,,
2915200,0.8424189,DNN,5/7/max -34,,,,,,
3006300,0.84263957,DNN,5/7/max -34,,,,,,
3097400,0.8441845,DNN,5/7/max -34,,,,,,
3188500,0.8437431,DNN,5/7/max -34,,,,,,
3279600,0.8450673,DNN,5/7/max -34,,,,,,
3370700,0.8466122,DNN,5/7/max -34,,,,,,
3461800,0.847495,DNN,5/7/max -34,,,,,,
3552900,0.84859854,DNN,5/7/max -34,,,,,,
3644000,0.84948134,DNN,5/7/max -34,,,,,,
3735100,0.85102624,DNN,5/7/max -34,,,,,,
3826200,0.85146767,DNN,5/7/max -34,,,,,,
3917300,0.85190904,DNN,5/7/max -34,,,,,,
4008400,0.8523505,DNN,5/7/max -34,,,,,,
4099500,0.8543368,DNN,5/7/max -34,,,,,,
4190600,0.8543368,DNN,5/7/max -34,,,,,,
4281700,0.8549989,DNN,5/7/max -34,,,,,,
90600,0.62584734,DNN,5/7/max -32,,,,,,
181200,0.60944676,DNN,5/7/max -32,,,,,,
271800,0.5031708,DNN,5/7/max -32,,,,,,
362400,0.5619943,DNN,5/7/max -32,,,,,,
453000,0.58539253,DNN,5/7/max -32,,,,,,
543600,0.6286901,DNN,5/7/max -32,,,,,,
634200,0.65646183,DNN,5/7/max -32,,,,,,
724800,0.6724251,DNN,5/7/max -32,,,,,,
815400,0.68576425,DNN,5/7/max -32,,,,,,
906000,0.7001968,DNN,5/7/max -32,,,,,,
996600,0.71266127,DNN,5/7/max -32,,,,,,
1087200,0.72490704,DNN,5/7/max -32,,,,,,
1177800,0.7336541,DNN,5/7/max -32,,,,,,
1268400,0.74415046,DNN,5/7/max -32,,,,,,
1359000,0.7574896,DNN,5/7/max -32,,,,,,
1449600,0.7668926,DNN,5/7/max -32,,,,,,
1540200,0.7749836,DNN,5/7/max -32,,,,,,
1630800,0.78154385,DNN,5/7/max -32,,,,,,
1721400,0.78504264,DNN,5/7/max -32,,,,,,
1812000,0.7905095,DNN,5/7/max -32,,,,,,
1902600,0.7977258,DNN,5/7/max -32,,,,,,
1993200,0.8012246,DNN,5/7/max -32,,,,,,
2083800,0.80363,DNN,5/7/max -32,,,,,,
2174400,0.8097529,DNN,5/7/max -32,,,,,,
2265000,0.81193966,DNN,5/7/max -32,,,,,,
2355600,0.81521976,DNN,5/7/max -32,,,,,,
2446200,0.81981194,DNN,5/7/max -32,,,,,,
2536800,0.82243603,DNN,5/7/max -32,,,,,,
2627400,0.8246228,DNN,5/7/max -32,,,,,,
2718000,0.8263722,DNN,5/7/max -32,,,,,,
2808600,0.8314017,DNN,5/7/max -32,,,,,,
2899200,0.8335885,DNN,5/7/max -32,,,,,,
2989800,0.8359939,DNN,5/7/max -32,,,,,,
3080400,0.8366499,DNN,5/7/max -32,,,,,,
3171000,0.8377433,DNN,5/7/max -32,,,,,,
3261600,0.837962,DNN,5/7/max -32,,,,,,
3352200,0.83971137,DNN,5/7/max -32,,,,,,
3442800,0.83993,DNN,5/7/max -32,,,,,,
3533400,0.8408047,DNN,5/7/max -32,,,,,,
3624000,0.8412421,DNN,5/7/max -32,,,,,,
3714600,0.8421168,DNN,5/7/max -32,,,,,,
3805200,0.84342885,DNN,5/7/max -32,,,,,,
3986400,0.84649026,DNN,5/7/max -32,,,,,,
4077000,0.84692764,DNN,5/7/max -32,,,,,,
91900,0.46675503,DNN,5/7/max -10,,,,,,
183800,0.45107135,DNN,5/7/max -10,,,,,,
275700,0.50762093,DNN,5/7/max -10,,,,,,
367600,0.5858184,DNN,5/7/max -10,,,,,,
459500,0.62027836,DNN,5/7/max -10,,,,,,
551400,0.646786,DNN,5/7/max -10,,,,,,
643300,0.66202784,DNN,5/7/max -10,,,,,,
735200,0.67528164,DNN,5/7/max -10,,,,,,
827100,0.68831456,DNN,5/7/max -10,,,,,,
919000,0.69560415,DNN,5/7/max -10,,,,,,
1010900,0.70289373,DNN,5/7/max -10,,,,,,
1102800,0.7101833,DNN,5/7/max -10,,,,,,
1194700,0.7139386,DNN,5/7/max -10,,,,,,
1286600,0.71658933,DNN,5/7/max -10,,,,,,
1378500,0.7141595,DNN,5/7/max -10,,,,,,
1470400,0.71769387,DNN,5/7/max -10,,,,,,
1562300,0.72167,DNN,5/7/max -10,,,,,,
1654200,0.7205655,DNN,5/7/max -10,,,,,,
1746100,0.70952064,DNN,5/7/max -10,,,,,,
1838000,0.7042191,DNN,5/7/max -10,,,,,,
1929900,0.70554453,DNN,5/7/max -10,,,,,,
2021800,0.70444,DNN,5/7/max -10,,,,,,
2113700,0.70532364,DNN,5/7/max -10,,,,,,
2205600,0.7031146,DNN,5/7/max -10,,,,,,
2297500,0.70488185,DNN,5/7/max -10,,,,,,
2389400,0.70444,DNN,5/7/max -10,,,,,,
2481300,0.70554453,DNN,5/7/max -10,,,,,,
2573200,0.71128786,DNN,5/7/max -10,,,,,,
2665100,0.719461,DNN,5/7/max -10,,,,,,
2757000,0.72962224,DNN,5/7/max -10,,,,,,
2848900,0.73624915,DNN,5/7/max -10,,,,,,
2940800,0.7413298,DNN,5/7/max -10,,,,,,
3032700,0.740888,DNN,5/7/max -10,,,,,,
3124600,0.74574775,DNN,5/7/max -10,,,,,,
3216500,0.7506075,DNN,5/7/max -10,,,,,,
3308400,0.747294,DNN,5/7/max -10,,,,,,
3400300,0.7501657,DNN,5/7/max -10,,,,,,
3492200,0.7488403,DNN,5/7/max -10,,,,,,
3584100,0.75281644,DNN,5/7/max -10,,,,,,
3676000,0.7543627,DNN,5/7/max -10,,,,,,
3767900,0.7548045,DNN,5/7/max -10,,,,,,
3859800,0.7565717,DNN,5/7/max -10,,,,,,
3951700,0.7570135,DNN,5/7/max -10,,,,,,
4043600,0.7572344,DNN,5/7/max -10,,,,,,
92200,0.5653403,DNN,34/7/5-34,,,,,,
184400,0.42096108,DNN,34/7/5-34,,,,,,
276600,0.38203958,DNN,34/7/5-34,,,,,,
368800,0.39726028,DNN,34/7/5-34,,,,,,
461000,0.44748858,DNN,34/7/5-34,,,,,,
553200,0.4885845,DNN,34/7/5-34,,,,,,
645400,0.52946293,DNN,34/7/5-34,,,,,,
737600,0.57295066,DNN,34/7/5-34,,,,,,
829800,0.5940422,DNN,34/7/5-34,,,,,,
922000,0.62600565,DNN,34/7/5-34,,,,,,
1014200,0.64535767,DNN,34/7/5-34,,,,,,
1106400,0.65644705,DNN,34/7/5-34,,,,,,
1198600,0.6666667,DNN,34/7/5-34,,,,,,
1290800,0.6788432,DNN,34/7/5-34,,,,,,
1383000,0.68732333,DNN,34/7/5-34,,,,,,
1475200,0.6916721,DNN,34/7/5-34,,,,,,
1567400,0.6923244,DNN,34/7/5-34,,,,,,
1659600,0.6899326,DNN,34/7/5-34,,,,,,
1751800,0.69580346,DNN,34/7/5-34,,,,,,
1844000,0.68580127,DNN,34/7/5-34,,,,,,
1936200,0.679713,DNN,34/7/5-34,,,,,,
2028400,0.6842792,DNN,34/7/5-34,,,,,,
2120600,0.6838443,DNN,34/7/5-34,,,,,,
2212800,0.6918895,DNN,34/7/5-34,,,,,,
2305000,0.704501,DNN,34/7/5-34,,,,,,
2397200,0.7197217,DNN,34/7/5-34,,,,,,
2489400,0.74472713,DNN,34/7/5-34,,,,,,
2581600,0.6449606,DNN,34/7/5-34,,,,,,
2673800,0.778865,DNN,34/7/5-34,,,,,,
2766000,0.7914764,DNN,34/7/5-34,,,,,,
2858200,0.8010437,DNN,34/7/5-34,,,,,,
2950400,0.8093064,DNN,34/7/5-34,,,,,,
3042600,0.8145249,DNN,34/7/5-34,,,,,,
3134800,0.8180039,DNN,34/7/5-34,,,,,,
3227000,0.8210481,DNN,34/7/5-34,,,,,,
3319200,0.82148296,DNN,34/7/5-34,,,,,,
3411400,0.8275712,DNN,34/7/5-34,,,,,,
3503600,0.83061534,DNN,34/7/5-34,,,,,,
3595800,0.83170253,DNN,34/7/5-34,,,,,,
3688000,0.83365947,DNN,34/7/5-34,,,,,,
3780200,0.8349641,DNN,34/7/5-34,,,,,,
3872400,0.8349641,DNN,34/7/5-34,,,,,,
3964600,0.83670366,DNN,34/7/5-34,,,,,,
4056800,0.83779085,DNN,34/7/5-34,,,,,,
4149000,0.8386606,DNN,34/7/5-34,,,,,,
92000,0.661749,DNN,34/7/5-32,,,,,,
184000,0.67671585,DNN,34/7/5-32,,,,,,
276000,0.69296557,DNN,34/7/5-32,,,,,,
368000,0.70301473,DNN,34/7/5-32,,,,,,
460000,0.728886,DNN,34/7/5-32,,,,,,
552000,0.7568954,DNN,34/7/5-32,,,,,,
644000,0.7810562,DNN,34/7/5-32,,,,,,
736000,0.7926021,DNN,34/7/5-32,,,,,,
828000,0.7988027,DNN,34/7/5-32,,,,,,
920000,0.8103485,DNN,34/7/5-32,,,,,,
1012000,0.81676286,DNN,34/7/5-32,,,,,,
1104000,0.82125294,DNN,34/7/5-32,,,,,,
1196000,0.8259568,DNN,34/7/5-32,,,,,,
1288000,0.8353645,DNN,34/7/5-32,,,,,,
1380000,0.8379303,DNN,34/7/5-32,,,,,,
1472000,0.8398546,DNN,34/7/5-32,,,,,,
1564000,0.8387855,DNN,34/7/5-32,,,,,,
1656000,0.842848,DNN,34/7/5-32,,,,,,
1748000,0.8443447,DNN,34/7/5-32,,,,,,
1840000,0.8464828,DNN,34/7/5-32,,,,,,
1932000,0.8477657,DNN,34/7/5-32,,,,,,
2024000,0.8484071,DNN,34/7/5-32,,,,,,
2116000,0.8486209,DNN,34/7/5-32,,,,,,
2208000,0.8469104,DNN,34/7/5-32,,,,,,
2300000,0.84904855,DNN,34/7/5-32,,,,,,
2392000,0.8484071,DNN,34/7/5-32,,,,,,
2484000,0.8520419,DNN,34/7/5-32,,,,,,
2576000,0.85418004,DNN,34/7/5-32,,,,,,
2668000,0.847338,DNN,34/7/5-32,,,,,,
2760000,0.84990376,DNN,34/7/5-32,,,,,,
2852000,0.8503314,DNN,34/7/5-32,,,,,,
2944000,0.8488347,DNN,34/7/5-32,,,,,,
3036000,0.85118663,DNN,34/7/5-32,,,,,,
3128000,0.8488347,DNN,34/7/5-32,,,,,,
91000,0.36988685,DNN,34/7/5-10,,,,,,
182000,0.37032202,DNN,34/7/5-10,,,,,,
273000,0.41100958,DNN,34/7/5-10,,,,,,
364000,0.5826806,DNN,34/7/5-10,,,,,,
455000,0.66362053,DNN,34/7/5-10,,,,,,
546000,0.6694952,DNN,34/7/5-10,,,,,,
637000,0.6718886,DNN,34/7/5-10,,,,,,
728000,0.6705831,DNN,34/7/5-10,,,,,,
819000,0.67754567,DNN,34/7/5-10,,,,,,
910000,0.67819846,DNN,34/7/5-10,,,,,,
1001000,0.67754567,DNN,34/7/5-10,,,,,,
1092000,0.66579634,DNN,34/7/5-10,,,,,,
1183000,0.65426457,DNN,34/7/5-10,,,,,,
1274000,0.6586162,DNN,34/7/5-10,,,,,,
1365000,0.65992165,DNN,34/7/5-10,,,,,,
1456000,0.6651436,DNN,34/7/5-10,,,,,,
1547000,0.6799391,DNN,34/7/5-10,,,,,,
1638000,0.6910357,DNN,34/7/5-10,,,,,,
1729000,0.6958225,DNN,34/7/5-10,,,,,,
1820000,0.6997389,DNN,34/7/5-10,,,,,,
1911000,0.69821584,DNN,34/7/5-10,,,,,,
2002000,0.69778067,DNN,34/7/5-10,,,,,,
2093000,0.69821584,DNN,34/7/5-10,,,,,,
2184000,0.6995213,DNN,34/7/5-10,,,,,,
2275000,0.7032202,DNN,34/7/5-10,,,,,,
2366000,0.70561355,DNN,34/7/5-10,,,,,,
2457000,0.70931244,DNN,34/7/5-10,,,,,,
2548000,0.71257615,DNN,34/7/5-10,,,,,,
2639000,0.7180157,DNN,34/7/5-10,,,,,,
2730000,0.72302,DNN,34/7/5-10,,,,,,
2821000,0.73281115,DNN,34/7/5-10,,,,,,
2912000,0.73607486,DNN,34/7/5-10,,,,,,
3003000,0.74499565,DNN,34/7/5-10,,,,,,
3094000,0.7569626,DNN,34/7/5-10,,,,,,
3185000,0.7647955,DNN,34/7/5-10,,,,,,
3276000,0.78111404,DNN,34/7/5-10,,,,,,
3367000,0.7930809,DNN,34/7/5-10,,,,,,
3458000,0.80548304,DNN,34/7/5-10,,,,,,
3549000,0.81766754,DNN,34/7/5-10,,,,,,
3640000,0.8244125,DNN,34/7/5-10,,,,,,
3731000,0.8305048,DNN,34/7/5-10,,,,,,
3822000,0.841819,DNN,34/7/5-10,,,,,,
3913000,0.84312445,DNN,34/7/5-10,,,,,,
4004000,0.8466057,DNN,34/7/5-10,,,,,,
4095000,0.8483464,DNN,34/7/5-10,,,,,,
92100,0.54455876,DNN,"1, 34",,,,,,
184200,0.54039854,DNN,"1, 34",,,,,,
276300,0.6282023,DNN,"1, 34",,,,,,
368400,0.5984235,DNN,"1, 34",,,,,,
460500,0.60543025,DNN,"1, 34",,,,,,
552600,0.6084957,DNN,"1, 34",,,,,,
644700,0.6538209,DNN,"1, 34",,,,,,
736800,0.68535143,DNN,"1, 34",,,,,,
828900,0.6947668,DNN,"1, 34",,,,,,
921000,0.71009415,DNN,"1, 34",,,,,,
1013100,0.722356,DNN,"1, 34",,,,,,
1105200,0.7269542,DNN,"1, 34",,,,,,
1197300,0.73834026,DNN,"1, 34",,,,,,
1289400,0.74228156,DNN,"1, 34",,,,,,
1381500,0.7468798,DNN,"1, 34",,,,,,
1473600,0.7501642,DNN,"1, 34",,,,,,
1565700,0.75695205,DNN,"1, 34",,,,,,
1657800,0.75760895,DNN,"1, 34",,,,,,
1749900,0.7624261,DNN,"1, 34",,,,,,
1842000,0.76549155,DNN,"1, 34",,,,,,
1934100,0.77140355,DNN,"1, 34",,,,,,
2026200,0.77490693,DNN,"1, 34",,,,,,
2118300,0.77709657,DNN,"1, 34",,,,,,
2210400,0.7821327,DNN,"1, 34",,,,,,
2302500,0.78476024,DNN,"1, 34",,,,,,
2394600,0.7873878,DNN,"1, 34",,,,,,
2486700,0.79023427,DNN,"1, 34",,,,,,
2578800,0.7937377,DNN,"1, 34",,,,,,
2670900,0.79505146,DNN,"1, 34",,,,,,
2763000,0.7983359,DNN,"1, 34",,,,,,
2855100,0.7994307,DNN,"1, 34",,,,,,
2947200,0.8040289,DNN,"1, 34",,,,,,
3039300,0.8059996,DNN,"1, 34",,,,,,
3131400,0.80840814,DNN,"1, 34",,,,,,
3223500,0.8108167,DNN,"1, 34",,,,,,
3315600,0.8125684,DNN,"1, 34",,,,,,
3407700,0.814977,DNN,"1, 34",,,,,,
3499800,0.8165097,DNN,"1, 34",,,,,,
3591900,0.81848043,DNN,"1, 34",,,,,,
3684000,0.8215459,DNN,"1, 34",,,,,,
3776100,0.8243924,DNN,"1, 34",,,,,,
3868200,0.826582,DNN,"1, 34",,,,,,
3960300,0.82877165,DNN,"1, 34",,,,,,
4052400,0.8318371,DNN,"1, 34",,,,,,
4144500,0.83315086,DNN,"1, 34",,,,,,
4236501,0.83687323,DNN,"1, 34",,,,,,
90600,0.65383774,DNN,"1, 32",,,,,,
181200,0.6938552,DNN,"1, 32",,,,,,
271800,0.7609884,DNN,"1, 32",,,,,,
362400,0.7924776,DNN,"1, 32",,,,,,
453000,0.81106496,DNN,"1, 32",,,,,,
543600,0.8252788,DNN,"1, 32",,,,,,
634200,0.8359939,DNN,"1, 32",,,,,,
724800,0.84495956,DNN,"1, 32",,,,,,
815400,0.85020775,DNN,"1, 32",,,,,,
906000,0.8539252,DNN,"1, 32",,,,,,
996600,0.86048543,DNN,"1, 32",,,,,,
1087200,0.8637656,DNN,"1, 32",,,,,,
1177800,0.8683578,DNN,"1, 32",,,,,,
1268400,0.8698885,DNN,"1, 32",,,,,,
1359000,0.8716379,DNN,"1, 32",,,,,,
1449600,0.8729499,DNN,"1, 32",,,,,,
1540200,0.8729499,DNN,"1, 32",,,,,,
1630800,0.87448066,DNN,"1, 32",,,,,,
1721400,0.874918,DNN,"1, 32",,,,,,
1812000,0.8757927,DNN,"1, 32",,,,,,
1902600,0.87623006,DNN,"1, 32",,,,,,
1993200,0.87644875,DNN,"1, 32",,,,,,
2083800,0.87688607,DNN,"1, 32",,,,,,
2174400,0.87776077,DNN,"1, 32",,,,,,
2265000,0.87907284,DNN,"1, 32",,,,,,
2355600,0.87994754,DNN,"1, 32",,,,,,
2446200,0.87951016,DNN,"1, 32",,,,,,
2536800,0.87972885,DNN,"1, 32",,,,,,
2627400,0.88082224,DNN,"1, 32",,,,,,
2718000,0.88235295,DNN,"1, 32",,,,,,
2808600,0.88322765,DNN,"1, 32",,,,,,
2899200,0.88366497,DNN,"1, 32",,,,,,
2989800,0.88497704,DNN,"1, 32",,,,,,
3080400,0.88541436,DNN,"1, 32",,,,,,
3171000,0.88519573,DNN,"1, 32",,,,,,
3261600,0.88519573,DNN,"1, 32",,,,,,
3352200,0.88563305,DNN,"1, 32",,,,,,
3442800,0.88585174,DNN,"1, 32",,,,,,
3533400,0.88672644,DNN,"1, 32",,,,,,
3624000,0.88716376,DNN,"1, 32",,,,,,
3714600,0.88672644,DNN,"1, 32",,,,,,
3805200,0.88650775,DNN,"1, 32",,,,,,
3895800,0.88672644,DNN,"1, 32",,,,,,
3986400,0.88650775,DNN,"1, 32",,,,,,
4077000,0.8869451,DNN,"1, 32",,,,,,
91900,0.46498784,DNN,"1, 10",,,,,,
183800,0.6019439,DNN,"1, 10",,,,,,
275700,0.68124586,DNN,"1, 10",,,,,,
367600,0.7309477,DNN,"1, 10",,,,,,
459500,0.7643031,DNN,"1, 10",,,,,,
551400,0.7830793,DNN,"1, 10",,,,,,
643300,0.80008835,DNN,"1, 10",,,,,,
735200,0.8120168,DNN,"1, 10",,,,,,
827100,0.82018995,DNN,"1, 10",,,,,,
919000,0.8246079,DNN,"1, 10",,,,,,
1010900,0.82725865,DNN,"1, 10",,,,,,
1102800,0.8314557,DNN,"1, 10",,,,,,
1194700,0.83388555,DNN,"1, 10",,,,,,
1286600,0.83609456,DNN,"1, 10",,,,,,
1378500,0.8378617,DNN,"1, 10",,,,,,
1470400,0.83984977,DNN,"1, 10",,,,,,
1562300,0.8409543,DNN,"1, 10",,,,,,
1654200,0.84382594,DNN,"1, 10",,,,,,
1746100,0.8447095,DNN,"1, 10",,,,,,
1838000,0.8451513,DNN,"1, 10",,,,,,
1929900,0.8464767,DNN,"1, 10",,,,,,
2021800,0.8475812,DNN,"1, 10",,,,,,
2113700,0.8491275,DNN,"1, 10",,,,,,
2205600,0.84956926,DNN,"1, 10",,,,,,
2297500,0.8513364,DNN,"1, 10",,,,,,
2389400,0.8524409,DNN,"1, 10",,,,,,
2481300,0.85222,DNN,"1, 10",,,,,,
2573200,0.8526618,DNN,"1, 10",,,,,,
2665100,0.8526618,DNN,"1, 10",,,,,,
2757000,0.8528827,DNN,"1, 10",,,,,,
2848900,0.85354537,DNN,"1, 10",,,,,,
2940800,0.85376626,DNN,"1, 10",,,,,,
3032700,0.8539872,DNN,"1, 10",,,,,,
3124600,0.8539872,DNN,"1, 10",,,,,,
3216500,0.8542081,DNN,"1, 10",,,,,,
3308400,0.8542081,DNN,"1, 10",,,,,,
3400300,0.8539872,DNN,"1, 10",,,,,,
3492200,0.8539872,DNN,"1, 10",,,,,,
3584100,0.854429,DNN,"1, 10",,,,,,
3676000,0.8550917,DNN,"1, 10",,,,,,
3767900,0.8550917,DNN,"1, 10",,,,,,
3859800,0.8555335,DNN,"1, 10",,,,,,
3951700,0.85641706,DNN,"1, 10",,,,,,
4043600,0.8559753,DNN,"1, 10",,,,,,
91100,0.3743103,DNN,5/7/less -34,,,,,,
182200,0.43522403,DNN,5/7/less -34,,,,,,
273300,0.53498125,DNN,5/7/less -34,,,,,,
364400,0.60847497,DNN,5/7/less -34,,,,,,
455500,0.6497462,DNN,5/7/less -34,,,,,,
546600,0.66762304,DNN,5/7/less -34,,,,,,
637700,0.67909956,DNN,5/7/less -34,,,,,,
728800,0.67998236,DNN,5/7/less -34,,,,,,
819900,0.6852792,DNN,5/7/less -34,,,,,,
911000,0.69123816,DNN,5/7/less -34,,,,,,
1002100,0.6980799,DNN,5/7/less -34,,,,,,
1093200,0.70050764,DNN,5/7/less -34,,,,,,
1184300,0.70381814,DNN,5/7/less -34,,,,,,
1275400,0.70558375,DNN,5/7/less -34,,,,,,
1366500,0.7088943,DNN,5/7/less -34,,,,,,
1457600,0.7104392,DNN,5/7/less -34,,,,,,
1548700,0.7137497,DNN,5/7/less -34,,,,,,
1639800,0.71683955,DNN,5/7/less -34,,,,,,
1730900,0.71838444,DNN,5/7/less -34,,,,,,
1822000,0.72015005,DNN,5/7/less -34,,,,,,
1913100,0.72544694,DNN,5/7/less -34,,,,,,
2004200,0.7294195,DNN,5/7/less -34,,,,,,
2095300,0.7344957,DNN,5/7/less -34,,,,,,
2186400,0.73824763,DNN,5/7/less -34,,,,,,
2277500,0.74442726,DNN,5/7/less -34,,,,,,
2368600,0.7477378,DNN,5/7/less -34,,,,,,
2459700,0.75325537,DNN,5/7/less -34,,,,,,
2550800,0.75987643,DNN,5/7/less -34,,,,,,
2641900,0.76605606,DNN,5/7/less -34,,,,,,
2733000,0.774222,DNN,5/7/less -34,,,,,,
2824100,0.7812845,DNN,5/7/less -34,,,,,,
2915200,0.7839329,DNN,5/7/less -34,,,,,,
3006300,0.78834695,DNN,5/7/less -34,,,,,,
3097400,0.7914368,DNN,5/7/less -34,,,,,,
3188500,0.7954094,DNN,5/7/less -34,,,,,,
3279600,0.79871994,DNN,5/7/less -34,,,,,,
3370700,0.8015891,DNN,5/7/less -34,,,,,,
3461800,0.8051203,DNN,5/7/less -34,,,,,,
3552900,0.8093136,DNN,5/7/less -34,,,,,,
3644000,0.81063783,DNN,5/7/less -34,,,,,,
3735100,0.81328624,DNN,5/7/less -34,,,,,,
3826200,0.8161554,DNN,5/7/less -34,,,,,,
3917300,0.8196866,DNN,5/7/less -34,,,,,,
4008400,0.8210108,DNN,5/7/less -34,,,,,,
4099500,0.822335,DNN,5/7/less -34,,,,,,
90600,0.61032146,DNN,5/7/less -32,,,,,,
181200,0.6549311,DNN,5/7/less -32,,,,,,
271800,0.6938552,DNN,5/7/less -32,,,,,,
362400,0.7277498,DNN,5/7/less -32,,,,,,
453000,0.7583643,DNN,5/7/less -32,,,,,,
543600,0.7647059,DNN,5/7/less -32,,,,,,
634200,0.77651435,DNN,5/7/less -32,,,,,,
724800,0.78613603,DNN,5/7/less -32,,,,,,
815400,0.7940083,DNN,5/7/less -32,,,,,,
906000,0.802974,DNN,5/7/less -32,,,,,,
996600,0.81019026,DNN,5/7/less -32,,,,,,
1087200,0.81740654,DNN,5/7/less -32,,,,,,
1177800,0.82484144,DNN,5/7/less -32,,,,,,
1268400,0.829871,DNN,5/7/less -32,,,,,,
1359000,0.8327138,DNN,5/7/less -32,,,,,,
1449600,0.8368686,DNN,5/7/less -32,,,,,,
1540200,0.8394927,DNN,5/7/less -32,,,,,,
1630800,0.8425541,DNN,5/7/less -32,,,,,,
1721400,0.84408486,DNN,5/7/less -32,,,,,,
1812000,0.8462716,DNN,5/7/less -32,,,,,,
1902600,0.84758365,DNN,5/7/less -32,,,,,,
1993200,0.85064507,DNN,5/7/less -32,,,,,,
2083800,0.85239446,DNN,5/7/less -32,,,,,,
2174400,0.85348785,DNN,5/7/less -32,,,,,,
2265000,0.8556746,DNN,5/7/less -32,,,,,,
2355600,0.85720533,DNN,5/7/less -32,,,,,,
2446200,0.85808,DNN,5/7/less -32,,,,,,
2536800,0.8593921,DNN,5/7/less -32,,,,,,
2627400,0.86048543,DNN,5/7/less -32,,,,,,
2718000,0.8611415,DNN,5/7/less -32,,,,,,
2808600,0.8611415,DNN,5/7/less -32,,,,,,
2899200,0.8620162,DNN,5/7/less -32,,,,,,
2989800,0.8620162,DNN,5/7/less -32,,,,,,
3080400,0.8631095,DNN,5/7/less -32,,,,,,
3171000,0.8637656,DNN,5/7/less -32,,,,,,
3261600,0.8642029,DNN,5/7/less -32,,,,,,
3352200,0.865515,DNN,5/7/less -32,,,,,,
3442800,0.8657337,DNN,5/7/less -32,,,,,,
3533400,0.866171,DNN,5/7/less -32,,,,,,
3624000,0.8672644,DNN,5/7/less -32,,,,,,
3714600,0.8672644,DNN,5/7/less -32,,,,,,
3805200,0.8666084,DNN,5/7/less -32,,,,,,
3895800,0.8679204,DNN,5/7/less -32,,,,,,
91900,0.723658,DNN,5/7/less-10,,,,,,
183800,0.7338193,DNN,5/7/less-10,,,,,,
275700,0.7702673,DNN,5/7/less-10,,,,,,
367600,0.7848465,DNN,5/7/less-10,,,,,,
459500,0.7981003,DNN,5/7/less-10,,,,,,
551400,0.8080406,DNN,5/7/less-10,,,,,,
643300,0.81665564,DNN,5/7/less-10,,,,,,
735200,0.8186437,DNN,5/7/less-10,,,,,,
827100,0.81974816,DNN,5/7/less-10,,,,,,
919000,0.82063174,DNN,5/7/less-10,,,,,,
1010900,0.8212944,DNN,5/7/less-10,,,,,,
1102800,0.8212944,DNN,5/7/less-10,,,,,,
1194700,0.8217363,DNN,5/7/less-10,,,,,,
1286600,0.8219572,DNN,5/7/less-10,,,,,,
1378500,0.82217807,DNN,5/7/less-10,,,,,,
1470400,0.82041085,DNN,5/7/less-10,,,,,,
1562300,0.82085264,DNN,5/7/less-10,,,,,,
1654200,0.82107353,DNN,5/7/less-10,,,,,,
1746100,0.82217807,DNN,5/7/less-10,,,,,,
1838000,0.82284075,DNN,5/7/less-10,,,,,,
1929900,0.824387,DNN,5/7/less-10,,,,,,
2021800,0.8246079,DNN,5/7/less-10,,,,,,
2113700,0.8250497,DNN,5/7/less-10,,,,,,
2205600,0.8241661,DNN,5/7/less-10,,,,,,
2297500,0.8248288,DNN,5/7/less-10,,,,,,
2389400,0.8246079,DNN,5/7/less-10,,,,,,
2481300,0.8241661,DNN,5/7/less-10,,,,,,
2573200,0.82328254,DNN,5/7/less-10,,,,,,
2665100,0.82284075,DNN,5/7/less-10,,,,,,
2757000,0.82261986,DNN,5/7/less-10,,,,,,
2848900,0.82041085,DNN,5/7/less-10,,,,,,
2940800,0.8193064,DNN,5/7/less-10,,,,,,
3032700,0.82041085,DNN,5/7/less-10,,,,,,
3124600,0.8190855,DNN,5/7/less-10,,,,,,
3216500,0.81996906,DNN,5/7/less-10,,,,,,
3308400,0.82063174,DNN,5/7/less-10,,,,,,
3400300,0.82107353,DNN,5/7/less-10,,,,,,
3492200,0.81996906,DNN,5/7/less-10,,,,,,
3584100,0.8241661,DNN,5/7/less-10,,,,,,
3676000,0.8237243,DNN,5/7/less-10,,,,,,
3767900,0.8241661,DNN,5/7/less-10,,,,,,
3859800,0.824387,DNN,5/7/less-10,,,,,,
3951700,0.8252706,DNN,5/7/less-10,,,,,,
4043600,0.8259333,DNN,5/7/less-10,,,,,,
